finding,state,classification,validation_behavior
TKT-001,confirmed,schema_family_or_provenance_gap,release_context/schema_revision required
TKT-002,ok_with_note,file_name_vs_executable_service_name,TicketingService.* executable identity
TKT-003,confirmed,pdf_table_or_documentation_error_candidate,shared unsubscribe model from selected Common pool
TKT-004,confirmed,pdf_label_or_heading_error_candidate,TicketingService.ValidateTicketRequest
TKT-005,confirmed,pdf_table_or_documentation_error_candidate,TicketingService.GetValidationResultResponseStructure
TKT-006,confirmed,pdf_table_or_documentation_error_candidate,DefaultLanguage before TimeStamp
TKT-007,confirmed,pdf_label_or_heading_error_candidate,ValidationResultDataStructure owns TimeStamp+ValidationResult fields
TKT-008,confirmed,pdf_table_or_documentation_error_candidate,CardApplikationInformation
TKT-009,confirmed,pdf_label_or_heading_error_candidate,TicketingService spelling
